{
  "strategy": "case_card_only",
  "results": {
    "s278": {
      "func_name": "s278",
      "layer1_compilation": {
        "passed": true,
        "error": ""
      },
      "layer2_semantic": {
        "passed": true,
        "error": null,
        "original_checksum": 10926026653696.0,
        "optimized_checksum": 10926026653696.0,
        "arg_cases": [
          {
            "a": 1,
            "b": 1
          }
        ],
        "arg_case_results": [
          {
            "arg_info": {
              "a": 1,
              "b": 1
            },
            "original_checksum": 10926026653696.0,
            "optimized_checksum": 10926026653696.0,
            "original_state_metrics": {
              "STATE_SUM": 10928343034648.057,
              "STATE_ABS_SUM": 10928348626968.057,
              "STATE_WEIGHTED_SUM": 2.622762497650709e+17
            },
            "optimized_state_metrics": {
              "STATE_SUM": 10928343034648.057,
              "STATE_ABS_SUM": 10928348626968.057,
              "STATE_WEIGHTED_SUM": 2.622762497650709e+17
            },
            "equivalent": true,
            "error": null
          }
        ]
      },
      "layer3_runtime": {
        "passed": true,
        "error": null,
        "details": [
          "[n1=1, n3=1] TEST0: ret_orig=10926026653696.000000 ret_opt=10926026653696.000000 max_rel=0.00e+00 PASS",
          "[n1=1, n3=1] TEST1: ret_orig=10926026653696.000000 ret_opt=10926026653696.000000 max_rel=0.00e+00 PASS",
          "[n1=1, n3=1] TEST2: ret_orig=10926026653696.000000 ret_opt=10926026653696.000000 max_rel=0.00e+00 PASS",
          "[n1=1, n3=1] PASSED 3/3"
        ],
        "arg_cases": [
          {
            "a": 1,
            "b": 1
          }
        ]
      },
      "overall": true
    },
    "s231": {
      "func_name": "s231",
      "layer1_compilation": {
        "passed": true,
        "error": ""
      },
      "layer2_semantic": {
        "passed": true,
        "error": null,
        "original_checksum": 512002944.0,
        "optimized_checksum": 512002944.0,
        "arg_cases": [
          {
            "a": 1,
            "b": 1
          }
        ],
        "arg_case_results": [
          {
            "arg_info": {
              "a": 1,
              "b": 1
            },
            "original_checksum": 512002944.0,
            "optimized_checksum": 512002944.0,
            "original_state_metrics": {
              "STATE_SUM": 2829218908.8616986,
              "STATE_ABS_SUM": 2834811228.8616986,
              "STATE_WEIGHTED_SUM": 66453396831717.336
            },
            "optimized_state_metrics": {
              "STATE_SUM": 2829218908.8616986,
              "STATE_ABS_SUM": 2834811228.8616986,
              "STATE_WEIGHTED_SUM": 66453396831717.336
            },
            "equivalent": true,
            "error": null
          }
        ]
      },
      "layer3_runtime": {
        "passed": true,
        "error": null,
        "details": [
          "[n1=1, n3=1] TEST0: ret_orig=512002944.000000 ret_opt=512002944.000000 max_rel=0.00e+00 PASS",
          "[n1=1, n3=1] TEST1: ret_orig=512002944.000000 ret_opt=512002944.000000 max_rel=0.00e+00 PASS",
          "[n1=1, n3=1] TEST2: ret_orig=512002944.000000 ret_opt=512002944.000000 max_rel=0.00e+00 PASS",
          "[n1=1, n3=1] PASSED 3/3"
        ],
        "arg_cases": [
          {
            "a": 1,
            "b": 1
          }
        ]
      },
      "overall": true
    },
    "s275": {
      "func_name": "s275",
      "layer1_compilation": {
        "passed": true,
        "error": ""
      },
      "layer2_semantic": {
        "passed": true,
        "error": null,
        "original_checksum": 512002944.0,
        "optimized_checksum": 512002944.0,
        "arg_cases": [
          {
            "a": 1,
            "b": 1
          }
        ],
        "arg_case_results": [
          {
            "arg_info": {
              "a": 1,
              "b": 1
            },
            "original_checksum": 512002944.0,
            "optimized_checksum": 512002944.0,
            "original_state_metrics": {
              "STATE_SUM": 2829022592.328138,
              "STATE_ABS_SUM": 2834614912.328138,
              "STATE_WEIGHTED_SUM": 66444807152092.76
            },
            "optimized_state_metrics": {
              "STATE_SUM": 2829022592.328138,
              "STATE_ABS_SUM": 2834614912.328138,
              "STATE_WEIGHTED_SUM": 66444807152092.76
            },
            "equivalent": true,
            "error": null
          }
        ]
      },
      "layer3_runtime": {
        "passed": true,
        "error": null,
        "details": [
          "[n1=1, n3=1] TEST0: ret_orig=512002944.000000 ret_opt=512002944.000000 max_rel=0.00e+00 PASS",
          "[n1=1, n3=1] TEST1: ret_orig=512002944.000000 ret_opt=512002944.000000 max_rel=0.00e+00 PASS",
          "[n1=1, n3=1] TEST2: ret_orig=512002944.000000 ret_opt=512002944.000000 max_rel=0.00e+00 PASS",
          "[n1=1, n3=1] PASSED 3/3"
        ],
        "arg_cases": [
          {
            "a": 1,
            "b": 1
          }
        ]
      },
      "overall": true
    },
    "s1244": {
      "func_name": "s1244",
      "layer1_compilation": {
        "passed": true,
        "error": ""
      },
      "layer2_semantic": {
        "passed": true,
        "error": null,
        "original_checksum": 21848408457216.0,
        "optimized_checksum": 21848408457216.0,
        "arg_cases": [
          {
            "a": 1,
            "b": 1
          }
        ],
        "arg_case_results": [
          {
            "arg_info": {
              "a": 1,
              "b": 1
            },
            "original_checksum": 21848408457216.0,
            "optimized_checksum": 21848408457216.0,
            "original_state_metrics": {
              "STATE_SUM": 65547021356677.06,
              "STATE_ABS_SUM": 65547026948997.06,
              "STATE_WEIGHTED_SUM": 1.5730505926155628e+18
            },
            "optimized_state_metrics": {
              "STATE_SUM": 65547021356677.06,
              "STATE_ABS_SUM": 65547026948997.06,
              "STATE_WEIGHTED_SUM": 1.5730505926155628e+18
            },
            "equivalent": true,
            "error": null
          }
        ]
      },
      "layer3_runtime": {
        "passed": true,
        "error": null,
        "details": [
          "[n1=1, n3=1] TEST0: ret_orig=21848408457216.000000 ret_opt=21848408457216.000000 max_rel=0.00e+00 PASS",
          "[n1=1, n3=1] TEST1: ret_orig=21848408457216.000000 ret_opt=21848408457216.000000 max_rel=0.00e+00 PASS",
          "[n1=1, n3=1] TEST2: ret_orig=21848408457216.000000 ret_opt=21848408457216.000000 max_rel=0.00e+00 PASS",
          "[n1=1, n3=1] PASSED 3/3"
        ],
        "arg_cases": [
          {
            "a": 1,
            "b": 1
          }
        ]
      },
      "overall": true
    },
    "s293": {
      "func_name": "s293",
      "layer1_compilation": {
        "passed": true,
        "error": ""
      },
      "layer2_semantic": {
        "passed": true,
        "error": null,
        "original_checksum": 32000.0,
        "optimized_checksum": 32000.0,
        "arg_cases": [
          {
            "a": 1,
            "b": 1
          }
        ],
        "arg_case_results": [
          {
            "arg_info": {
              "a": 1,
              "b": 1
            },
            "original_checksum": 32000.0,
            "optimized_checksum": 32000.0,
            "original_state_metrics": {
              "STATE_SUM": 2316971042.056498,
              "STATE_ABS_SUM": 2322563362.056498,
              "STATE_WEIGHTED_SUM": 55519874233923.63
            },
            "optimized_state_metrics": {
              "STATE_SUM": 2316971042.056498,
              "STATE_ABS_SUM": 2322563362.056498,
              "STATE_WEIGHTED_SUM": 55519874233923.63
            },
            "equivalent": true,