{
  "strategy": "strong_plain",
  "results": {
    "s122": {
      "func_name": "s122",
      "layer1_compilation": {
        "passed": true,
        "error": ""
      },
      "layer2_semantic": {
        "passed": false,
        "error": "[n1=1, n3=1] STATE_WEIGHTED_SUM 不匹配: 原始=546301585177537216.000000, 优化=546352783690096640.000000, diff=51198512559424.000000, tol=5463527836900.966797",
        "original_checksum": null,
        "optimized_checksum": null,
        "arg_cases": [
          {
            "a": 1,
            "b": 1
          },
          {
            "a": 2,
            "b": 2
          },
          {
            "a": 4,
            "b": 3
          }
        ],
        "arg_case_results": [
          {
            "arg_info": {
              "a": 1,
              "b": 1
            },
            "original_checksum": 51205623513088.0,
            "optimized_checksum": 51205623513088.0,
            "original_state_metrics": {
              "STATE_SUM": 51207686847235.06,
              "STATE_ABS_SUM": 51207692439555.06,
              "STATE_WEIGHTED_SUM": 5.463015851775372e+17
            },
            "optimized_state_metrics": {
              "STATE_SUM": 51207686948795.06,
              "STATE_ABS_SUM": 51207692541115.06,
              "STATE_WEIGHTED_SUM": 5.4635278369009664e+17
            },
            "equivalent": false,
            "error": "STATE_WEIGHTED_SUM 不匹配: 原始=546301585177537216.000000, 优化=546352783690096640.000000, diff=51198512559424.000000, tol=5463527836900.966797"
          }
        ]
      },
      "layer3_runtime": {
        "passed": false,
        "error": null,
        "details": []
      },
      "overall": false
    }
  }
}