{
  "strategy": "full_method",
  "results": {
    "s1161": {
      "func_name": "s1161",
      "layer1_compilation": {
        "passed": true,
        "error": ""
      },
      "layer2_semantic": {
        "passed": true,
        "error": null,
        "original_checksum": 10926253146112.0,
        "optimized_checksum": 10926253146112.0,
        "arg_cases": [
          {
            "a": 1,
            "b": 1
          }
        ],
        "arg_case_results": [
          {
            "arg_info": {
              "a": 1,
              "b": 1
            },
            "original_checksum": 10926253146112.0,
            "optimized_checksum": 10926253146112.0,
            "original_state_metrics": {
              "STATE_SUM": 10928567953164.057,
              "STATE_ABS_SUM": 10928573545484.057,
              "STATE_WEIGHTED_SUM": 2.6227052082232013e+17
            },
            "optimized_state_metrics": {
              "STATE_SUM": 10928567953164.057,
              "STATE_ABS_SUM": 10928573545484.057,
              "STATE_WEIGHTED_SUM": 2.6227052082232013e+17
            },
            "equivalent": true,
            "error": null
          }
        ]
      },
      "layer3_runtime": {
        "passed": true,
        "error": null,
        "details": [
          "[n1=1, n3=1] TEST0: ret_orig=10926253146112.000000 ret_opt=10926253146112.000000 max_rel=0.00e+00 PASS",
          "[n1=1, n3=1] TEST1: ret_orig=10926253146112.000000 ret_opt=10926253146112.000000 max_rel=0.00e+00 PASS",
          "[n1=1, n3=1] TEST2: ret_orig=10926253146112.000000 ret_opt=10926253146112.000000 max_rel=0.00e+00 PASS",
          "[n1=1, n3=1] PASSED 3/3"
        ],
        "arg_cases": [
          {
            "a": 1,
            "b": 1
          }
        ]
      },
      "overall": true
    }
  }
}
